booth,name_th,name_en
K32,13357,13357 Publishing
L07,10 มิลลิเมตร,10mm.Publishing House
F32,113 (วินทร์ เลียววาริณ),113 (Win Lyovarin)
G37,55 บุ๊คสตอล,55 Bookstall
H15,Book Exhibition Tour,Book Exhibition Tour
H18,China Publication,China Publication
H16,Cultural Center of I.R.IRAN,Cultural Center of I.R.IRAN
C40,Deep Publishing By สถาพรบุ๊คส์,Deep Publishing By สถาพรบุ๊คส์
C35,GagaOOLala,GagaOOLala
I15,HAKIKAT BOOKSTORE,HAKIKAT BOOKSTORE
C24,Hytexts เครื่องอ่านหนังสืออิเล็กทรอนิกส์,Hytexts E-reader Store
P02,KINMATON,KINMATON
D30,Kobo by ReaderShip,Kobo by ReaderShip
H19,MAOER,MAOER
Q01,MEGAVIZ PUBLISHING CO.,MEGAVIZ PUBLISHING CO.
C07,mocka ข้อสอบเสมือนจริง,mocka Mock Exam
H21,Myanmar Publishers (MPBA),Myanmar Publishers (MPBA)
H23,New Age Literary Agency,New Age Literary Agency
S19,OHANAMI ART STUDIO,OHANAMI ART STUDIO
F21,Oriental Holy Light,Oriental Holy Light
F20,Picture Books from Taiwan 2026 (台灣繪本在泰國),Picture Books from Taiwan 2026 (台灣繪本在泰國)
F17,Spirit Guide Foundation,Spirit Guide Foundation
T25,Taiwan Creative Content Agency (TAICCA),Taiwan Creative Content Agency (TAICCA)
B27,VibeMax,VibeMax
R19,You think I print,You think I print
I27,กรมส่งเสริมการเรียนรู้ / กระทรวงศึกษาธิการ,Department of Learning Encouragement
D32,กรองอักษร พับลิชชิ่ง,Krong Aksorn
P27,กรีนรี้ด บาย เอสซีจีพี,Green Read by SCGP
F31,กรู๊ฟ พับลิชชิ่ง,Groove Publishing
A22,กองทุนพัฒนาสื่อปลอดภัยและสร้างสรรค์,Thai Media Fund
I13,การท่องเที่ยวแห่งประเทศไทย (อนุสาร อสท.),Tourism Authority of Thailand (TAT)
N31,กิฟท์ บุ๊ค พับลิชชิ่ง,Gift Book Publishing
B21,กี วี และ คมคม โปรดักส์,KIWI AND KOM-KOM PRODUCTS
O30,กู๊ด คอนเทนส์,Good Contents
O26,เกมมรดกภูมิปัญญาทางวัฒนธรรม และของเล่นพื้นบ้านไทย โดย กรมส่งเสริมวัฒนธรรม,Intangible Cultural Heritage of Thailand Game and Thai folk toys By Department of Cultural promotion Ministry of Culture
R22,เกมส์ แอนด์ ทอยส์,Game &amp; Toys
N08,แก้วกานต์ + ไพรด์,Kaewkarn Publishing
A30,โก๋แก่,Kohkae
Q38,โกดังหนังสือ,GOHDANG NANGSEU
L44,ไก่3,Kai3
G30,คบไฟ (โครงการจัดพิมพ์),Kobfai Publishing Project
D34,คลาสแอคท์และเจคลาส,Classact And Jclass
B08,คัง ซวน วัฒนธรรมและการศึกษา (ไทยแลนด์),Kang Xuan Cultural&amp;Education (Thailand)
S03,คิดซ์ แอนด์ คิทซ์,KIDZ AND KITZ
Q16,คิดาริสตูดิโอ (ไทยแลนด์),KIDARISTUDIO (THAILAND)
N42,คิโนะคูนิยะ บุ๊คสโตร์ (ประเทศไทย),"Kinokuniya Book Stores (Thailand) Co.,Ltd."
I24,คุ้มอักษรไทย,Kumaksornthai
K08,คู้บ,KOOB
K13,"คู่มือนำเที่ยว ""เล่มเดียวเที่ยวได้จริง"" / เล็ทเทอร์",The Letter Publishing
O16,เคล็ดไทย,Kledthai
S24,โคลเวอร์คลับ,CLOVERCLUB
S30,โคลเวอร์บุ๊กสตูดิโอ,Cloverbook Studio
Q02,จิ๊กซอว์สเคป,JIGSAWSCAPE
D14,จิณห์นิภา ติวเตอร์,Jinnipa Tutor
J30,เจบุ๊คสโตร์,J Book Store
A42,เจมิไน,Gemini
J28,เจลิต,JLIT
F02,แจ่มใส,Jamsai
T15,ฉลาดเกมกล่อง,Chalad Game Klong
G41,ไฉ่หง โนเวล,Caihong Novels
J01,ชัชพลบุ๊คส์,Chatchapol Books
P07,ชันสูตร พับลิชชิ่ง,Channasoot Publishing
I26,ชัวร์ก่อนแชร์,Sure And Share
G20,ชาญชัยบุ๊คส์,CHANCHAIBOOKS
R26,ชิลลี่ บุ๊ค สโตร์,Chilly Book Store
Q10,ชี้ดาบ,Chidahp
E15,ชี๊ปบุคส์,Sheepbooksheepbook
Q25,ซอลท์ พับลิชชิ่ง,Salt Publishing
K30,ซัคเซส พับลิชเชอร์,Success Publisher
I29,ซันเดย์ อาฟเตอร์นูน,Sunday Afternoon
P22,ซิมพลิฟาย,Reviva-Simplify
C21,ซิมพลิฟาย,Reviva-Simplify
H29,ซี.ซี.นอลลิดจ์ลิงคส์,C.C.KNOWLEDGE LINKS
G49,ซีเอ็ด,SE-ED
N30,เซนชู พับลิชชิ่ง,Zenshu Publishing
D40,เซ้นส์บุ๊คพับลิชชิง,Sense Book Publishing
M12,เซเว่นดี บุ๊ค,7D Book
C03,แซนด์คล็อคบุ๊คส์,SandClock Books
M16,แซลมอนบุ๊คส์ &amp; ขายหัวเราะ สตูดิโอ,Salmon Books &amp; Kaihuaror Studio
B07,โซฟันชีท,sofunsheet
F44,ณ บ้านวรรณกรรม,Na Baanwannagum Group
M30,ดราก้อนวอร์,Dragonwar Publishing
S16,ดรีม เอกซ์เพรส (เดกซ์),Dex [Dream Express]
P30,ดรีม เอกซ์เพรส (เดกซ์),Dex [Dream Express]
P15,ดวงกมลสมัย,DK TODAY
P26,ด้วงคอมิกส์,Beetle comics Publishing
C34,ดวงตะวัน,Dbooks
K14,ด็อกเตอร์มิ้นท์,Dr.Mint
K07,ดอท / กัมบัตเตะ,DOT / Ganbatte
R20,ดับบลิวพี เอ็ดจุเคชั่น มีเดีย,W.P. EDUCATION MEDIA
D33,ดีต่อใจ สำนักพิมพ์,Deetorjai Publishing
Q28,เดกซ์เพรส พับลิชชิ่ง,DEXpress Publishing
R03,เดอะ สตรองโฮลด์ บอร์ดเกม,The Stronghold Board Games
E13,เดอะบุคส์,The Books Publishing
C28,ไดโนคิดส์,Dinokids
O15,ไดฟุกุ ศรีเอเตอร์ / บุ๊คไทม์,Daifuku / Book time
J18,ต้นฉบับ,The Original Press
B26,ตลาดหลักทรัพย์แห่งประเทศไทย,Stock Exchange of Thailand
S29,ตู้หนอนหนังสือ,PS Office Furniture
H26,ไตรภูมิ,Traibhumi
J11,ไตรภูมิ,Traibhumi
O44,ทวีสาส์น,Samsib Book
S15,ทาโน่,TANO
R32,ทามะ สตูดิโอ,Tama Studio
S02,ทาวเวอร์ แทคติก เกม,Tower Tactic Games
M02,ทิงค์เน็ต ดีไซน์ สตูดิโอ,THiNKNET Design Studio
C27,ทูยู พับลิชชิ่ง,2U Publishing
J40,ไทยควอลิตี้บุ๊คส์ (2006),Thai Qualitybooks (2006)
B23,ธนาคารกรุงศรีอยุธยา จำกัด (มหาชน),Bank of Ayudhya Public Company Limited.
M25,ธรรมนิติเพรส,Dharmniti Press
Q24,ธรรมสภา บันลือธรรม,Thammasapa Bunluetham
C08,ธารปัญญา,Tarnpanya
R16,นนทรัตน์,NONTHARAT EDUCATION
O02,นาคร / ผจญภัย,Nakorn / Pajonphai
F16,นานมี / ทองเกษม,Nanmee / Thongkasem
D02,นานมีบุ๊คส์ / Bloom / AMiCO / LUMI,Nanmeebooks / Bloom / AMiCO / LUMI
B32,นานา นาริศ,NANA NARIS
E42,นาบู x ไทเซย์บุ๊กส์,Nabu x Taisei Books
F41,นาฬิกาทราย,Narikasaii Publishing
C01,นีโอ เอ็ดดูเทนเมนท์,www.neoedu.co.th
J20,โนรา,Nora
G15,บ. ไวท์โลตัส,"White Lotus Co., Ltd."
P40,บงกช พับลิชชิ่ง,Bongkoch Publishing
Q04,บจก. ซากุระโปรดัคส์ (ไทยแลนด์),"SAKURA PRODUCTS (THAILAND) CO.,LTD."
O06,บทจร,Bodthajorn Limited Partnership
R18,บริษัท ฐิโอกะ เอ็นเตอร์ไพร์ส จำกัด,Teds Play
S25,บริษัท ปากกาไพล๊อต (ประเทศไทย) จำกัด,The pilot pen co. (thailand) Ltd
G45,บริษัท เลิร์นโอเวท จำกัด,Learnovate
S07,บอร์ดเกม อะไลอันซ์,Board Game Alliance
R17,บ้านฉลาดรู้,The Smart House
H30,บ้านนิยาย,Baanniyay
S08,บ้านนิยาย,Baanniyay
P16,บ้านพระอาทิตย์,Baan Phra Arthit Publications
B35,บ้านวายบุ๊ค,Baan Y Book
H46,บ้านศิลปินคลองบางหลวง,Artist House Bangkok
E26,บิงโก,Bingo Publishing
S26,บิโทโมะ,BITOMO
N16,บิบลิโอ,Biblio
J50,บีทูเอส / หอมหมื่นลี้ / ลาเวนเดอร์ / แคคตัส,B2S / Hommuenlee / Lavender / Cactus
H14,บุ๊กแด๊นซ์ &amp; โซล พับลิชชิ่ง,BOOKDANCE &amp; SOUL PUBLISHING
D37,บุ๊คกิช เฮ้าส์ และ ไป่เหอ,Bookish House Publishing / Baihe Publishing
I02,บุ๊คสเคป,Bookscape
F37,บุ๊คสโตน,Bookstone
H07,บุ๊คส์ทาวน์,Bookstown
L30,บุ๊คส์เมคเกอร์,Booksmaker
Q20,บุ๊คส์เมคเกอร์,Booksmaker
J07,บุ๊คไอ,Booki
N33,บุรพัฒน์ คอมิคส์ พับลิเคชั่นส์,Burapat Comics Publications
C31,เบเกอรี่บุ๊ค,Bakerybook
B28,เบลลีบัตตัน พับลิชิ่ง,BellyButton Publishing
B33,เบลสซิ่งบุ๊คส์,Blessing Books
D01,แบร์ พับลิชชิ่ง,Bear Publishing
A38,โบ บุ๊กส์,Beau Books
C02,ไบโอ เลิร์นนิง แอสเสท,Bio Learning Asset
P03,ประพันธ์สาส์น,Praphansarn
F29,ปัญญาจารย์,Panyacharn
E20,ปิ๊กอะบุ๊ค ไทยแลนด์,PICK A BOOK THAILAND
E35,เป็นหนึ่งสำนักพิมพ์,Pen Nueng Publishing
E32,เปเปอร์ยาร์ด,Paperyard
E08,แปลน ฟอร์ คิดส์,Plan For Kids
K21,โปรวิชั่น และ ดีพลัสไกด์,Provision &amp; DPLUS Guide
I41,โปร-วิชั่นเอนเตอร์เทนเมนท์,PRO-VISION ENTERTAINMENT
A46,ไปรษณีย์ไทย,Thailand Post
B09,พ.ศ.พัฒนา,P.S.Pattana Publishing
S27,พะโล้,Palo Publishing
D16,พัฒนาคุณภาพวิชาการ (พว.),Patanakhunnapabhwichakarn (PW.)
B02,พาส เอ็ดดูเคชั่น,Pass Education
S21,พิพิธภัณฑ์การ์ตูนมูนมังงะ,Moon Manga Museum
R30,พิพิธภัณฑ์การ์ตูนมูนมังงะ,Moon Manga Museum
K16,พีเอส พับลิชชิ่ง,P.S. Publishing
M32,พูนิก้า,Punica
G42,เพ็ญวัฒนา จัดจำหน่าย,Pennwattana Distributor
B06,เพลินแล็บส์,PlearnLabs
B30,เพอร์บุค,Purr Book
R02,เพอลังอิ พับลิชชิ่ง,Pelangi Publishing
H45,ฟรีมายด์ พับลิชชิ่ง,FreeMind Publishing
L36,ฟาไฉ / ฟิน,FaCai Novels / FIN Publishing
C29,ฟาไฉ / ฟิน,FaCai Novels / FIN Publishing
J03,ฟ้าเดียวกัน,Sameskybooks Publishing
T26,ฟีนิกซ์ เน็กซ์,Phoenix Next
O08,ฟูลสต๊อป,FULLSTOP
P28,เฟรนด์ชิพ,Friendship
S50,เฟิร์ส เพจ โปร,First Page Pro
O29,เฟิร์สเลิฟ โปร,FirstLove Pro
F36,แฟนตาเซีย,Fantasia
D31,ภัสรสา พับลิชชิ่ง,PASRASAA PUBLISHING
G17,ภาดา เอ็ดดูเคชั่น,Pada Education
C11,ภูมิบัณฑิต,Poombundit
J02,มติชน,Matichon
G31,มอร์แกน พับลิชชิ่ง,Morgan Publishing
R08,มะลิ / สเทรแคท ทาโร่ต์,Mali / Stray Cat Tarot
I30,มังกี้บุ๊กส์,Monkey Books
C25,มาตรฐานวรรณกรรมพิมพ์จำกัด,Literature : Standard Limited Edition
B20,มายบุ๊คสโตร์,My Bookstore
D41,มาว มาว บุ๊กส์,MAO MAO BOOKS
E46,มิเนอร์วา บุ๊ค,Minerva Book
B38,มิวเซส,Muzes
K26,มิวเซียมเพรส,Museum Press
N25,มีเดีย แอสโซซิเอตเต็ด,Media Associated
E43,มีบุ๊ค,MEBOOK
L27,มูลนิธิกระจกเงา,The Mirror Foundation
N29,มูลนิธิโครงการตำราสังคมศาสตร์และมนุษยศาสตร์,Social Sciences and Humanities Textbooks Foundation
D28,มูลนิธิโครงการสารานุกรมไทยสำหรับเยาวชนฯ,Thai Junior Encyclopedia Foundation
F26,มูลนิธิเด็ก,Foundation for Children
N26,มูลนิธิมหามกุฏราชวิทยาลัย ในพระบรมราชูปถัมภ์,Mahamakuta Rajavidyalaya Foundation Under Royal Patronage
K25,มูลนิธิหนังสือเพื่อเด็ก,Books for Children Foundation
D19,เมต้า เอ็ดดูเคชั่น,Meta Education
L32,เมืองหนังสือ - ดวงกมล,D.K. Book Town
F30,แม็กพาย บุ๊กส์,Magpie Book
A08,ไมเนอร์ คอร์ปอเรชั่น,Minor Corporation
J34,ยิปซี กรุ๊ป,Gypsy Group
B29,ยืดเปล่า ยืดแต่ไม่ย้วย,YUEDPAO
D35,ยูซีม่า บุ๊ค / ซันฟลาวเวอร์ บุ๊ค,Yousima Book / Sunflower Book
D38,ยูนิเวอร์แซล พับลิชิ่ง,Universal Publishing
E37,โยโซระ พับลิชชิ่ง,Yozora Publishing
O27,รวมสาส์น (1977),Ruamsarn (1977)
Q46,รักพิมพ์ พับลิชชิ่ง,Luckpim Publishing
P08,ราตรี,Ratree Bookshop
E28,ร้านภูฟ้า,PHUFA
J23,ร้านรักสยาม หนังสือเก่า,lovesiamoldbook
I16,ร้านหนังสือ ก้าวบรรทัด,Kawbanthad Bookshop
Q21,ร้านหนังสือกาลครั้งหนึ่ง,Oncebookk
Q06,ร้านหนังสือเก่ารจนา,Rochana
J14,ร้านหนังสือเก่าสุวิมล,Thaioldbooks
F15,ริเวอร์ บุ๊คส์,River Books
D08,รี้ด วิท มี บุ๊คช็อป,Read With Me Bookshop
H11,รี้ดดี้ ดิสทริบิวชั่น,Ready Distribution
M41,รุ่งวัฒนา ส่งเสริมรักการอ่าน,Rungwattana
D29,ลองดู,Longdo Publishing
K19,ลาดิดและมูนสเคป,Ladys and Moonscape
T07,ลานละเล่น,Lanlalen
M34,ลิลลี่เฮ้าส์,lily house.
T08,ลีเจนดารี่ วอร์เกม,Legendary Wargame
M31,ลีฟ ริช,Live Rich Books
I44,เลิร์นนิ่ง สเตชั่น,Learning Station
K15,เลี่ยงเชียง เพียรเพื่อพุทธศาสน์,Liang Chiang for Buddhism Publishing
D07,โลกหนังสือ,Book World Publishing
K17,ไลบรารี่ เฮ้าส์,Library House
R06,วังเด็กทอยส์แลนด์,Wangdek Toys Land
D15,วัฒนาพานิช,Watanaphanit
A36,วันเดอร์วาย,Onederwhy
C33,วายซี พับลิชเชอร์,YC Publisher
A34,วายโซซีเคร็ต,Ysosecret
B22,วายเอฟคัลเจอร์,YF CULTURE
O07,วารา พับลิชชิ่ง,Wara Publishing
J24,วาลิ พับลิชชิ่ง,WALI PUBLISHING
H08,วิญญูชน,Winyuchon
P31,วิบูลย์กิจ,Vibulkij
B16,วิมเมล คลับ,Wimmel Club
R15,วิศวกรน้อย,Wisawakorn-Noi
B37,วีคอมมิคส์,WeComics
R07,วีเลิร์น &amp; น้ำพุสำนักพิมพ์,Welearn&amp;Numpu Publishing
M08,วุฒิชัยบุ๊คส์ (ร้าน),Wuttichaibook
T12,เวลดีไซน์เกม,WELL DESIGNED GAME
N12,เวลา,Time Publishing House
G46,เวิร์ด วอนเดอร์,Words Wonder
B36,เวิลด์โอเล็ต,WORLD-O-LET
B34,ไวด์สตอรี่,Wide Stories
I08,ศรีปัญญา,Natthakan
K28,ศูนย์คุณธรรม (องค์การมหาชน),Center for Morality Promotion (Public Organization)
I06,ศูนย์มานุษยวิทยาสิรินธร (องค์การมหาชน),Princess Maha Chakri Sirindhorn Anthropology Centre
G28,ศูนย์หนังสือกรมศิลปากร กระทรวงวัฒนธรรม,"Bookshop, Fine Arts Department, Ministry of Culture."
I32,ศูนย์หนังสือจุฬาลงกรณ์มหาวิทยาลัย,Chulalongkorn University Book Centre
C06,ศูนย์หนังสือนันท์-นาถ,Nun-Nart Islamic Book Center
B18,สกายบุ๊กส์,Skybook
D05,สตาร์ซอคเก้อร์,Stars Soccer
K42,สตาร์พิคส์ - เล็ดคอมิก,Starpics - Let'S Comic
L31,สเต๊กคอมมิค,Steak Comic
J41,สถาพรบุ๊คส์,Satapornbooks
L50,สนพ.ธิงค์บียอน และ สนพ.อินโฟเพรส,Thinkbeyond และ Infopress
E16,สนพ.ลิตเติลฮาร์ท,Little Heart
R23,สมมติ,SM• publishing house
M28,สมาคมนักเขียนแห่งประเทศไทย,Writers' Association of Thailand (W.A.T.)
N27,สมาคมภาษาและหนังสือแห่งประเทศไทย ในพระบรมราชูปถัมภ์,P.E.N. International Thailand Center
O01,สมาคมส่งเสริมเทคโนโลยี (ไทย-ญี่ปุ่น),Technology Promotion Association (Thailand-Japan)
J26,สมาพันธ์องค์กรเพื่อพัฒนาหนังสือและการอ่าน และ สมาคมนักกลอนแห่งประเทศไทย,Federation of Organizations for Book Development and Reading Promotion. and THE POETS ASSOCIATION OF THAILAND
Q22,สมาร์ท อินฟินิตี้,Smart Infinity
T18,สยามบอร์ดเกม,Siam Board Games
Q05,สร้างสรรค์บุ๊คส์,Sangsanbooks
L41,สวนเงินมีมา,Suan Nguen Mee Ma
K44,สวนอักษร / อิงค์,Suan Aksorn / Ink
N28,สันสกฤต,Sanskrit Book
C19,สานอักษร,Saan Aksorn
H42,สามัญชน,Samanchonbooks
J08,สายคำ,Saicombook
L02,สารคดี-เมืองโบราณ-ร้านริมขอบฟ้า,Sarakadee - MuangBoran - Rimkhobfa Bookstore
Q08,สารพัดบุ๊คสโตร์,Salaphat Bookstore
R25,สำนักงานราชบัณฑิตยสภา,Office Of The Royal Society
L16,สำนักพิมพ์ เช็ก / เพชรประกาย,CZECH / PHETPRAGUY PUBLISHING
C17,สำนักพิมพ์ โฟกัส,FOCUS
L26,สำนักพิมพ์อ่านแล้วรวย,ReadandRichPulishing
E33,สำนักพิมพ์ขีดเขียนอะคาเดมี,The writer Academy
B14,สำนักพิมพ์จุฬาลงกรณ์มหาวิทยาลัย,Chulalongkorn University Press
C15,สำนักพิมพ์แบร์ฟุตบานาน่า,Barefoot Banana
C23,สำนักพิมพ์มหาวิทยาลัยนเรศวร,Naresuan University Publishing House
G14,สำนักพิมพ์มหาวิทยาลัยสุโขทัยธรรมาธิราช,The Office of the University Press Sukhothai Thammathirat Open
D03,สำนักพิมพ์ไรเตอร์โซล,Writer Soul Publisher
P06,สำนักพิมพ์ลายเส้น,Li-Zenn Publishing
Q27,สำนักพิมพ์สีน้ำ,WATER COLOR PUBLISHING
J22,สำนักพิมพ์อัล-อีหม่าน,AL-IMAN PUBLISHING HOUSE
L29,สำนักพิมพ์อ่าน,Aan Publishing
K44,สำนักพิมพ์อิงค์ พับลิชชิ่ง,ink publishing
H28,สำนักหอสมุดแห่งชาติ,National Library of Thailand
Q26,สื่อมวลชนคาทอลิกประเทศไทย,Thai Catholic Media
G32,สุขภาพใจ / บุ๊คไทม์,Book time
J16,สุชิต หนังสือเก่า,Suchit Rare Books
S12,แสงเจริญ,Sangcharoen
J31,แสงดาว,Saengdao
O25,แสงแดด,Sangdad Publishing
L25,หรรษา,Hunsa-Book
C20,ห้องเรียน,Class Publishing
E36,ห้องสมุดดอตคอม,Hongsamutdotcom
E31,ห้องสมุดยายพัน,Yaipan Library
H41,หารค่าสำนักพิมพ์ X เฮอร์.,HANKA PUB x her.
P41,อนิไทม์,Anitime
N02,อนิเมท กรุ๊ป,Animate Group
F08,อนิแม็กชอป (เอพลัสกับจีพลัส),Animag-Shop (A-Plus&amp;G-Plus)
G16,อมรินทร์ บุ๊ค เซ็นเตอร์ (นายอินทร์),Amarin Book Center (Naiin)
B44,อมรินทร์ บุ๊ค เซ็นเตอร์ (นายอินทร์),Amarin Book Center (Naiin)
P01,อ็อตเตอร์ซีน,otterzine
D11,ออลเดย์ ช็อปปิ้ง,ALL DAY SHOPING
K29,อะธิงบุ๊ค,A Thing Book
R01,อะนิเมท เจเอ็มเอ,Animate JMA
R36,อะนิเมท เจเอ็มเอ,Animate JMA
L08,อะโวคาโด บุ๊กส์,Avocado Books
N07,อาทิตย์ละเล่ม บุ๊คส์ช็อป,ARTHIT Time Bookshop
C30,อาเธน่า,Athena
D26,อ่าน๑๐๑ สำนักพิมพ์,Reading101 Publishing
C18,อ่านซิ — แพลตฟอร์มอีบุ๊กสำหรับเด็ก,Arnzi — Children’s E-Book Platform
C37,อ่านบุ๊ค,Arnbook
S01,อาหารสมอง,Arharm Samong
D36,อิงค์ทรีบุ๊ค,Inktreebook
C32,อินดิโก้ ออน บุ๊คแฟร์,Indygo on bookfair
C04,อินโนเวตีฟ เอ็กเพอริเมนต์,Innovative Experiment (INEX)
C16,อินส์พัล,Inspal / Life Balance / Dream&amp;Passion / The Law Group
K27,อีกา x ไมเนอร์ฟีลลิ่ง,EKA x minor feelings
I07,เอ็กซเปอร์เน็ท,Expernet
H31,เอเซีย บุ๊คส,Asiabooks
E39,เอ็นจอยบุ๊ค,ENJOYBOOK
M42,เอ็นอีดี คอมิกส์,NED Comics
O03,เอ-บุ๊ค ดิสทริบิวชั่น,A-Book Distribution
B25,เอฟเค คอร์ปอเรชั่น,FK Corporation
G26,เอ็มบุ๊คส์,MBOOKS
S17,เอ็มบุ๊คส์,MBOOKS
D20,เอ็มไอเอส,MIS Publishing
B24,เอส พี เค จอย,SparkJoy
N50,เอสเอ็มเอ็ม พลัส,SMM PLUS
M26,แอนิเมเต้ย ช็อป,AnimaToey Watercolor
M15,แอร์โรว์ มัลติมีเดีย,Arrow Multimedia
R21,โอเคฟายน์,OK._____.FINE
P29,โอเคแอลเอส / สำนักพิมพ์ชวนอ่าน,OKLS / Chuan An Books
M07,โอเดียนสโตร์,Odeon Store
L33,โอเพ่นดูเรียน,OpenDurian
G08,โอเพ่นบุ๊คส์,openbooks
B39,ไอรา พับลิชชิ่ง,Ayra Publishing
N41,ไอริส,Irisbook Publishing
F45,ฮัมมิ่งบุ๊คส์,Hummingbooks
O32,เฮอร์มิท,Hermit Books
E30,แฮปปี้ไซเอนซ์,Happy Science
H16,กองทุนศรีบูรพา,Sriburapha Foundation
H15,โต๊ะก็คือโต๊ะ,
